model_id,branch_id,temperature_K,predicted_youngs_modulus_GPa,status,classification,uncertainty_band
synthetic_linear_temperature,synthetic_linear_10_100,10,11.0,prediction,synthetic_demo,not_provided
synthetic_linear_temperature,synthetic_linear_10_100,10.9,11.09,prediction,synthetic_demo,not_provided
synthetic_linear_temperature,synthetic_linear_10_100,11.8,11.18,prediction,synthetic_demo,not_provided
synthetic_linear_temperature,synthetic_linear_10_100,12.7,11.27,prediction,synthetic_demo,not_provided
synthetic_linear_temperature,synthetic_linear_10_100,13.6,11.36,prediction,synthetic_demo,not_provided
synthetic_linear_temperature,synthetic_linear_10_100,14.5,11.45,prediction,synthetic_demo,not_provided
synthetic_linear_temperature,synthetic_linear_10_100,15.4,11.54,prediction,synthetic_demo,not_provided
synthetic_linear_temperature,synthetic_linear_10_100,16.3,11.63,prediction,synthetic_demo,not_provided
synthetic_linear_temperature,synthetic_linear_10_100,17.2,11.72,prediction,synthetic_demo,not_provided
synthetic_linear_temperature,synthetic_linear_10_100,18.1,11.81,prediction,synthetic_demo,not_provided
synthetic_linear_temperature,synthetic_linear_10_100,19.0,11.9,prediction,synthetic_demo,not_provided
synthetic_linear_temperature,synthetic_linear_10_100,19.9,11.99,prediction,synthetic_demo,not_provided
synthetic_linear_temperature,synthetic_linear_10_100,20.8,12.08,prediction,synthetic_demo,not_provided
synthetic_linear_temperature,synthetic_linear_10_100,21.7,12.17,prediction,synthetic_demo,not_provided
synthetic_linear_temperature,synthetic_linear_10_100,22.6,12.26,prediction,synthetic_demo,not_provided
synthetic_linear_temperature,synthetic_linear_10_100,23.5,12.35,prediction,synthetic_demo,not_provided
synthetic_linear_temperature,synthetic_linear_10_100,24.4,12.44,prediction,synthetic_demo,not_provided
synthetic_linear_temperature,synthetic_linear_10_100,25.3,12.53,prediction,synthetic_demo,not_provided
synthetic_linear_temperature,synthetic_linear_10_100,26.2,12.62,prediction,synthetic_demo,not_provided
synthetic_linear_temperature,synthetic_linear_10_100,27.1,12.71,prediction,synthetic_demo,not_provided
synthetic_linear_temperature,synthetic_linear_10_100,28.0,12.8,prediction,synthetic_demo,not_provided
synthetic_linear_temperature,synthetic_linear_10_100,28.9,12.89,prediction,synthetic_demo,not_provided
synthetic_linear_temperature,synthetic_linear_10_100,29.8,12.98,prediction,synthetic_demo,not_provided
synthetic_linear_temperature,synthetic_linear_10_100,30.7,13.07,prediction,synthetic_demo,not_provided
synthetic_linear_temperature,synthetic_linear_10_100,31.6,13.16,prediction,synthetic_demo,not_provided
synthetic_linear_temperature,synthetic_linear_10_100,32.5,13.25,prediction,synthetic_demo,not_provided
synthetic_linear_temperature,synthetic_linear_10_100,33.4,13.34,prediction,synthetic_demo,not_provided
synthetic_linear_temperature,synthetic_linear_10_100,34.3,13.43,prediction,synthetic_demo,not_provided
synthetic_linear_temperature,synthetic_linear_10_100,35.2,13.52,prediction,synthetic_demo,not_provided
synthetic_linear_temperature,synthetic_linear_10_100,36.1,13.61,prediction,synthetic_demo,not_provided
synthetic_linear_temperature,synthetic_linear_10_100,37.0,13.7,prediction,synthetic_demo,not_provided
synthetic_linear_temperature,synthetic_linear_10_100,37.9,13.79,prediction,synthetic_demo,not_provided
synthetic_linear_temperature,synthetic_linear_10_100,38.8,13.88,prediction,synthetic_demo,not_provided
synthetic_linear_temperature,synthetic_linear_10_100,39.7,13.97,prediction,synthetic_demo,not_provided
synthetic_linear_temperature,synthetic_linear_10_100,40.6,14.06,prediction,synthetic_demo,not_provided
synthetic_linear_temperature,synthetic_linear_10_100,41.5,14.15,prediction,synthetic_demo,not_provided
synthetic_linear_temperature,synthetic_linear_10_100,42.4,14.24,prediction,synthetic_demo,not_provided
synthetic_linear_temperature,synthetic_linear_10_100,43.3,14.33,prediction,synthetic_demo,not_provided
synthetic_linear_temperature,synthetic_linear_10_100,44.2,14.42,prediction,synthetic_demo,not_provided
synthetic_linear_temperature,synthetic_linear_10_100,45.1,14.51,prediction,synthetic_demo,not_provided
synthetic_linear_temperature,synthetic_linear_10_100,46.0,14.6,prediction,synthetic_demo,not_provided
synthetic_linear_temperature,synthetic_linear_10_100,46.9,14.69,prediction,synthetic_demo,not_provided
synthetic_linear_temperature,synthetic_linear_10_100,47.8,14.78,prediction,synthetic_demo,not_provided
synthetic_linear_temperature,synthetic_linear_10_100,48.7,14.87,prediction,synthetic_demo,not_provided
synthetic_linear_temperature,synthetic_linear_10_100,49.6,14.96,prediction,synthetic_demo,not_provided
synthetic_linear_temperature,synthetic_linear_10_100,50.5,15.05,prediction,synthetic_demo,not_provided
synthetic_linear_temperature,synthetic_linear_10_100,51.4,15.14,prediction,synthetic_demo,not_provided
synthetic_linear_temperature,synthetic_linear_10_100,52.3,15.23,prediction,synthetic_demo,not_provided
synthetic_linear_temperature,synthetic_linear_10_100,53.2,15.32,prediction,synthetic_demo,not_provided
synthetic_linear_temperature,synthetic_linear_10_100,54.1,15.41,prediction,synthetic_demo,not_provided
synthetic_linear_temperature,synthetic_linear_10_100,55.0,15.5,prediction,synthetic_demo,not_provided
synthetic_linear_temperature,synthetic_linear_10_100,55.9,15.59,prediction,synthetic_demo,not_provided
synthetic_linear_temperature,synthetic_linear_10_100,56.8,15.68,prediction,synthetic_demo,not_provided
synthetic_linear_temperature,synthetic_linear_10_100,57.7,15.77,prediction,synthetic_demo,not_provided
synthetic_linear_temperature,synthetic_linear_10_100,58.6,15.86,prediction,synthetic_demo,not_provided
synthetic_linear_temperature,synthetic_linear_10_100,59.5,15.95,prediction,synthetic_demo,not_provided
synthetic_linear_temperature,synthetic_linear_10_100,60.4,16.04,prediction,synthetic_demo,not_provided
synthetic_linear_temperature,synthetic_linear_10_100,61.3,16.13,prediction,synthetic_demo,not_provided
synthetic_linear_temperature,synthetic_linear_10_100,62.2,16.22,prediction,synthetic_demo,not_provided
synthetic_linear_temperature,synthetic_linear_10_100,63.1,16.31,prediction,synthetic_demo,not_provided
synthetic_linear_temperature,synthetic_linear_10_100,64.0,16.4,prediction,synthetic_demo,not_provided
synthetic_linear_temperature,synthetic_linear_10_100,64.9,16.49,prediction,synthetic_demo,not_provided
synthetic_linear_temperature,synthetic_linear_10_100,65.8,16.58,prediction,synthetic_demo,not_provided
synthetic_linear_temperature,synthetic_linear_10_100,66.7,16.67,prediction,synthetic_demo,not_provided
synthetic_linear_temperature,synthetic_linear_10_100,67.6,16.76,prediction,synthetic_demo,not_provided
synthetic_linear_temperature,synthetic_linear_10_100,68.5,16.85,prediction,synthetic_demo,not_provided
synthetic_linear_temperature,synthetic_linear_10_100,69.4,16.94,prediction,synthetic_demo,not_provided
synthetic_linear_temperature,synthetic_linear_10_100,70.3,17.03,prediction,synthetic_demo,not_provided
synthetic_linear_temperature,synthetic_linear_10_100,71.2,17.12,prediction,synthetic_demo,not_provided
synthetic_linear_temperature,synthetic_linear_10_100,72.1,17.21,prediction,synthetic_demo,not_provided
synthetic_linear_temperature,synthetic_linear_10_100,73.0,17.3,prediction,synthetic_demo,not_provided
synthetic_linear_temperature,synthetic_linear_10_100,73.9,17.39,prediction,synthetic_demo,not_provided
synthetic_linear_temperature,synthetic_linear_10_100,74.8,17.48,prediction,synthetic_demo,not_provided
synthetic_linear_temperature,synthetic_linear_10_100,75.7,17.57,prediction,synthetic_demo,not_provided
synthetic_linear_temperature,synthetic_linear_10_100,76.6,17.66,prediction,synthetic_demo,not_provided
synthetic_linear_temperature,synthetic_linear_10_100,77.5,17.75,prediction,synthetic_demo,not_provided
synthetic_linear_temperature,synthetic_linear_10_100,78.4,17.84,prediction,synthetic_demo,not_provided
synthetic_linear_temperature,synthetic_linear_10_100,79.3,17.93,prediction,synthetic_demo,not_provided
synthetic_linear_temperature,synthetic_linear_10_100,80.2,18.02,prediction,synthetic_demo,not_provided
synthetic_linear_temperature,synthetic_linear_10_100,81.1,18.11,prediction,synthetic_demo,not_provided
synthetic_linear_temperature,synthetic_linear_10_100,82.0,18.2,prediction,synthetic_demo,not_provided
synthetic_linear_temperature,synthetic_linear_10_100,82.9,18.29,prediction,synthetic_demo,not_provided
synthetic_linear_temperature,synthetic_linear_10_100,83.8,18.38,prediction,synthetic_demo,not_provided
synthetic_linear_temperature,synthetic_linear_10_100,84.7,18.47,prediction,synthetic_demo,not_provided
synthetic_linear_temperature,synthetic_linear_10_100,85.6,18.56,prediction,synthetic_demo,not_provided
synthetic_linear_temperature,synthetic_linear_10_100,86.5,18.65,prediction,synthetic_demo,not_provided
synthetic_linear_temperature,synthetic_linear_10_100,87.4,18.74,prediction,synthetic_demo,not_provided
synthetic_linear_temperature,synthetic_linear_10_100,88.3,18.83,prediction,synthetic_demo,not_provided
synthetic_linear_temperature,synthetic_linear_10_100,89.2,18.92,prediction,synthetic_demo,not_provided
synthetic_linear_temperature,synthetic_linear_10_100,90.1,19.01,prediction,synthetic_demo,not_provided
synthetic_linear_temperature,synthetic_linear_10_100,91.0,19.1,prediction,synthetic_demo,not_provided
synthetic_linear_temperature,synthetic_linear_10_100,91.9,19.19,prediction,synthetic_demo,not_provided
synthetic_linear_temperature,synthetic_linear_10_100,92.8,19.28,prediction,synthetic_demo,not_provided
synthetic_linear_temperature,synthetic_linear_10_100,93.7,19.37,prediction,synthetic_demo,not_provided
synthetic_linear_temperature,synthetic_linear_10_100,94.6,19.46,prediction,synthetic_demo,not_provided
synthetic_linear_temperature,synthetic_linear_10_100,95.5,19.55,prediction,synthetic_demo,not_provided
synthetic_linear_temperature,synthetic_linear_10_100,96.4,19.64,prediction,synthetic_demo,not_provided
synthetic_linear_temperature,synthetic_linear_10_100,97.3,19.73,prediction,synthetic_demo,not_provided
synthetic_linear_temperature,synthetic_linear_10_100,98.2,19.82,prediction,synthetic_demo,not_provided
synthetic_linear_temperature,synthetic_linear_10_100,99.1,19.91,prediction,synthetic_demo,not_provided
synthetic_linear_temperature,synthetic_linear_10_100,100,20.0,prediction,synthetic_demo,not_provided
synthetic_overlap_temperature,synthetic_overlap_20_50,20,22.0,prediction,synthetic_demo,not_provided
synthetic_overlap_temperature,synthetic_overlap_20_50,20.3,22.03,prediction,synthetic_demo,not_provided
synthetic_overlap_temperature,synthetic_overlap_20_50,20.6,22.06,prediction,synthetic_demo,not_provided
synthetic_overlap_temperature,synthetic_overlap_20_50,20.9,22.09,prediction,synthetic_demo,not_provided
synthetic_overlap_temperature,synthetic_overlap_20_50,21.2,22.12,prediction,synthetic_demo,not_provided
synthetic_overlap_temperature,synthetic_overlap_20_50,21.5,22.15,prediction,synthetic_demo,not_provided
synthetic_overlap_temperature,synthetic_overlap_20_50,21.8,22.18,prediction,synthetic_demo,not_provided
synthetic_overlap_temperature,synthetic_overlap_20_50,22.1,22.21,prediction,synthetic_demo,not_provided
synthetic_overlap_temperature,synthetic_overlap_20_50,22.4,22.24,prediction,synthetic_demo,not_provided
synthetic_overlap_temperature,synthetic_overlap_20_50,22.7,22.27,prediction,synthetic_demo,not_provided
synthetic_overlap_temperature,synthetic_overlap_20_50,23.0,22.3,prediction,synthetic_demo,not_provided
synthetic_overlap_temperature,synthetic_overlap_20_50,23.3,22.33,prediction,synthetic_demo,not_provided
synthetic_overlap_temperature,synthetic_overlap_20_50,23.6,22.36,prediction,synthetic_demo,not_provided
synthetic_overlap_temperature,synthetic_overlap_20_50,23.9,22.39,prediction,synthetic_demo,not_provided
synthetic_overlap_temperature,synthetic_overlap_20_50,24.2,22.42,prediction,synthetic_demo,not_provided
synthetic_overlap_temperature,synthetic_overlap_20_50,24.5,22.45,prediction,synthetic_demo,not_provided
synthetic_overlap_temperature,synthetic_overlap_20_50,24.8,22.48,prediction,synthetic_demo,not_provided
synthetic_overlap_temperature,synthetic_overlap_20_50,25.1,22.51,prediction,synthetic_demo,not_provided
synthetic_overlap_temperature,synthetic_overlap_20_50,25.4,22.54,prediction,synthetic_demo,not_provided
synthetic_overlap_temperature,synthetic_overlap_20_50,25.7,22.57,prediction,synthetic_demo,not_provided
synthetic_overlap_temperature,synthetic_overlap_20_50,26.0,22.6,prediction,synthetic_demo,not_provided
synthetic_overlap_temperature,synthetic_overlap_20_50,26.3,22.63,prediction,synthetic_demo,not_provided
synthetic_overlap_temperature,synthetic_overlap_20_50,26.6,22.66,prediction,synthetic_demo,not_provided
synthetic_overlap_temperature,synthetic_overlap_20_50,26.9,22.69,prediction,synthetic_demo,not_provided
synthetic_overlap_temperature,synthetic_overlap_20_50,27.2,22.72,prediction,synthetic_demo,not_provided
synthetic_overlap_temperature,synthetic_overlap_20_50,27.5,22.75,prediction,synthetic_demo,not_provided
synthetic_overlap_temperature,synthetic_overlap_20_50,27.8,22.78,prediction,synthetic_demo,not_provided
synthetic_overlap_temperature,synthetic_overlap_20_50,28.1,22.81,prediction,synthetic_demo,not_provided
synthetic_overlap_temperature,synthetic_overlap_20_50,28.4,22.84,prediction,synthetic_demo,not_provided
synthetic_overlap_temperature,synthetic_overlap_20_50,28.7,22.87,prediction,synthetic_demo,not_provided
synthetic_overlap_temperature,synthetic_overlap_20_50,29.0,22.9,prediction,synthetic_demo,not_provided
synthetic_overlap_temperature,synthetic_overlap_20_50,29.3,22.93,prediction,synthetic_demo,not_provided
synthetic_overlap_temperature,synthetic_overlap_20_50,29.6,22.96,prediction,synthetic_demo,not_provided
synthetic_overlap_temperature,synthetic_overlap_20_50,29.9,22.99,prediction,synthetic_demo,not_provided
synthetic_overlap_temperature,synthetic_overlap_20_50,30.2,23.02,prediction,synthetic_demo,not_provided
synthetic_overlap_temperature,synthetic_overlap_20_50,30.5,23.05,prediction,synthetic_demo,not_provided
synthetic_overlap_temperature,synthetic_overlap_20_50,30.8,23.08,prediction,synthetic_demo,not_provided
synthetic_overlap_temperature,synthetic_overlap_20_50,31.1,23.11,prediction,synthetic_demo,not_provided
synthetic_overlap_temperature,synthetic_overlap_20_50,31.4,23.14,prediction,synthetic_demo,not_provided
synthetic_overlap_temperature,synthetic_overlap_20_50,31.7,23.17,prediction,synthetic_demo,not_provided
synthetic_overlap_temperature,synthetic_overlap_20_50,32.0,23.2,prediction,synthetic_demo,not_provided
synthetic_overlap_temperature,synthetic_overlap_20_50,32.3,23.23,prediction,synthetic_demo,not_provided
synthetic_overlap_temperature,synthetic_overlap_20_50,32.6,23.26,prediction,synthetic_demo,not_provided
synthetic_overlap_temperature,synthetic_overlap_20_50,32.9,23.29,prediction,synthetic_demo,not_provided
synthetic_overlap_temperature,synthetic_overlap_20_50,33.2,23.32,prediction,synthetic_demo,not_provided
synthetic_overlap_temperature,synthetic_overlap_20_50,33.5,23.35,prediction,synthetic_demo,not_provided
synthetic_overlap_temperature,synthetic_overlap_20_50,33.8,23.38,prediction,synthetic_demo,not_provided
synthetic_overlap_temperature,synthetic_overlap_20_50,34.1,23.41,prediction,synthetic_demo,not_provided
synthetic_overlap_temperature,synthetic_overlap_20_50,34.4,23.44,prediction,synthetic_demo,not_provided
synthetic_overlap_temperature,synthetic_overlap_20_50,34.7,23.47,prediction,synthetic_demo,not_provided
synthetic_overlap_temperature,synthetic_overlap_20_50,35.0,23.5,prediction,synthetic_demo,not_provided
synthetic_overlap_temperature,synthetic_overlap_20_50,35.3,23.53,prediction,synthetic_demo,not_provided
synthetic_overlap_temperature,synthetic_overlap_20_50,35.6,23.56,prediction,synthetic_demo,not_provided
synthetic_overlap_temperature,synthetic_overlap_20_50,35.9,23.59,prediction,synthetic_demo,not_provided
synthetic_overlap_temperature,synthetic_overlap_20_50,36.2,23.62,prediction,synthetic_demo,not_provided
synthetic_overlap_temperature,synthetic_overlap_20_50,36.5,23.65,prediction,synthetic_demo,not_provided
synthetic_overlap_temperature,synthetic_overlap_20_50,36.8,23.68,prediction,synthetic_demo,not_provided
synthetic_overlap_temperature,synthetic_overlap_20_50,37.1,23.71,prediction,synthetic_demo,not_provided
synthetic_overlap_temperature,synthetic_overlap_20_50,37.4,23.74,prediction,synthetic_demo,not_provided
synthetic_overlap_temperature,synthetic_overlap_20_50,37.7,23.77,prediction,synthetic_demo,not_provided
synthetic_overlap_temperature,synthetic_overlap_20_50,38.0,23.8,prediction,synthetic_demo,not_provided
synthetic_overlap_temperature,synthetic_overlap_20_50,38.3,23.83,prediction,synthetic_demo,not_provided
synthetic_overlap_temperature,synthetic_overlap_20_50,38.6,23.86,prediction,synthetic_demo,not_provided
synthetic_overlap_temperature,synthetic_overlap_20_50,38.9,23.89,prediction,synthetic_demo,not_provided
synthetic_overlap_temperature,synthetic_overlap_20_50,39.2,23.92,prediction,synthetic_demo,not_provided
synthetic_overlap_temperature,synthetic_overlap_20_50,39.5,23.95,prediction,synthetic_demo,not_provided
synthetic_overlap_temperature,synthetic_overlap_20_50,39.8,23.98,prediction,synthetic_demo,not_provided
synthetic_overlap_temperature,synthetic_overlap_20_50,40.1,24.01,prediction,synthetic_demo,not_provided
synthetic_overlap_temperature,synthetic_overlap_20_50,40.4,24.04,prediction,synthetic_demo,not_provided
synthetic_overlap_temperature,synthetic_overlap_20_50,40.7,24.07,prediction,synthetic_demo,not_provided
synthetic_overlap_temperature,synthetic_overlap_20_50,41.0,24.1,prediction,synthetic_demo,not_provided
synthetic_overlap_temperature,synthetic_overlap_20_50,41.3,24.13,prediction,synthetic_demo,not_provided
synthetic_overlap_temperature,synthetic_overlap_20_50,41.6,24.16,prediction,synthetic_demo,not_provided
synthetic_overlap_temperature,synthetic_overlap_20_50,41.9,24.19,prediction,synthetic_demo,not_provided
synthetic_overlap_temperature,synthetic_overlap_20_50,42.2,24.22,prediction,synthetic_demo,not_provided
synthetic_overlap_temperature,synthetic_overlap_20_50,42.5,24.25,prediction,synthetic_demo,not_provided
synthetic_overlap_temperature,synthetic_overlap_20_50,42.8,24.28,prediction,synthetic_demo,not_provided
synthetic_overlap_temperature,synthetic_overlap_20_50,43.1,24.31,prediction,synthetic_demo,not_provided
synthetic_overlap_temperature,synthetic_overlap_20_50,43.4,24.34,prediction,synthetic_demo,not_provided
synthetic_overlap_temperature,synthetic_overlap_20_50,43.7,24.37,prediction,synthetic_demo,not_provided
synthetic_overlap_temperature,synthetic_overlap_20_50,44.0,24.4,prediction,synthetic_demo,not_provided
synthetic_overlap_temperature,synthetic_overlap_20_50,44.3,24.43,prediction,synthetic_demo,not_provided
synthetic_overlap_temperature,synthetic_overlap_20_50,44.6,24.46,prediction,synthetic_demo,not_provided
synthetic_overlap_temperature,synthetic_overlap_20_50,44.9,24.49,prediction,synthetic_demo,not_provided
synthetic_overlap_temperature,synthetic_overlap_20_50,45.2,24.52,prediction,synthetic_demo,not_provided
synthetic_overlap_temperature,synthetic_overlap_20_50,45.5,24.55,prediction,synthetic_demo,not_provided
synthetic_overlap_temperature,synthetic_overlap_20_50,45.8,24.58,prediction,synthetic_demo,not_provided
synthetic_overlap_temperature,synthetic_overlap_20_50,46.1,24.61,prediction,synthetic_demo,not_provided
synthetic_overlap_temperature,synthetic_overlap_20_50,46.4,24.64,prediction,synthetic_demo,not_provided
synthetic_overlap_temperature,synthetic_overlap_20_50,46.7,24.67,prediction,synthetic_demo,not_provided
synthetic_overlap_temperature,synthetic_overlap_20_50,47.0,24.7,prediction,synthetic_demo,not_provided
synthetic_overlap_temperature,synthetic_overlap_20_50,47.3,24.73,prediction,synthetic_demo,not_provided
synthetic_overlap_temperature,synthetic_overlap_20_50,47.6,24.76,prediction,synthetic_demo,not_provided
synthetic_overlap_temperature,synthetic_overlap_20_50,47.9,24.79,prediction,synthetic_demo,not_provided
synthetic_overlap_temperature,synthetic_overlap_20_50,48.2,24.82,prediction,synthetic_demo,not_provided
synthetic_overlap_temperature,synthetic_overlap_20_50,48.5,24.85,prediction,synthetic_demo,not_provided
synthetic_overlap_temperature,synthetic_overlap_20_50,48.8,24.88,prediction,synthetic_demo,not_provided
synthetic_overlap_temperature,synthetic_overlap_20_50,49.1,24.91,prediction,synthetic_demo,not_provided
synthetic_overlap_temperature,synthetic_overlap_20_50,49.4,24.94,prediction,synthetic_demo,not_provided
synthetic_overlap_temperature,synthetic_overlap_20_50,49.7,24.97,prediction,synthetic_demo,not_provided
synthetic_overlap_temperature,synthetic_overlap_20_50,50,25.0,ambiguous_overlap,synthetic_demo,not_provided
synthetic_overlap_temperature,synthetic_overlap_50_100,50,32.5,ambiguous_overlap,synthetic_demo,not_provided
synthetic_overlap_temperature,synthetic_overlap_50_100,50.5,32.525,prediction,synthetic_demo,not_provided
synthetic_overlap_temperature,synthetic_overlap_50_100,51.0,32.55,prediction,synthetic_demo,not_provided
synthetic_overlap_temperature,synthetic_overlap_50_100,51.5,32.575,prediction,synthetic_demo,not_provided
synthetic_overlap_temperature,synthetic_overlap_50_100,52.0,32.6,prediction,synthetic_demo,not_provided
synthetic_overlap_temperature,synthetic_overlap_50_100,52.5,32.625,prediction,synthetic_demo,not_provided
synthetic_overlap_temperature,synthetic_overlap_50_100,53.0,32.65,prediction,synthetic_demo,not_provided
synthetic_overlap_temperature,synthetic_overlap_50_100,53.5,32.675,prediction,synthetic_demo,not_provided
synthetic_overlap_temperature,synthetic_overlap_50_100,54.0,32.7,prediction,synthetic_demo,not_provided
synthetic_overlap_temperature,synthetic_overlap_50_100,54.5,32.725,prediction,synthetic_demo,not_provided
synthetic_overlap_temperature,synthetic_overlap_50_100,55.0,32.75,prediction,synthetic_demo,not_provided
synthetic_overlap_temperature,synthetic_overlap_50_100,55.5,32.775,prediction,synthetic_demo,not_provided
synthetic_overlap_temperature,synthetic_overlap_50_100,56.0,32.8,prediction,synthetic_demo,not_provided
synthetic_overlap_temperature,synthetic_overlap_50_100,56.5,32.825,prediction,synthetic_demo,not_provided
synthetic_overlap_temperature,synthetic_overlap_50_100,57.0,32.85,prediction,synthetic_demo,not_provided
synthetic_overlap_temperature,synthetic_overlap_50_100,57.5,32.875,prediction,synthetic_demo,not_provided
synthetic_overlap_temperature,synthetic_overlap_50_100,58.0,32.9,prediction,synthetic_demo,not_provided
synthetic_overlap_temperature,synthetic_overlap_50_100,58.5,32.925,prediction,synthetic_demo,not_provided
synthetic_overlap_temperature,synthetic_overlap_50_100,59.0,32.95,prediction,synthetic_demo,not_provided
synthetic_overlap_temperature,synthetic_overlap_50_100,59.5,32.975,prediction,synthetic_demo,not_provided
synthetic_overlap_temperature,synthetic_overlap_50_100,60.0,33.0,prediction,synthetic_demo,not_provided
synthetic_overlap_temperature,synthetic_overlap_50_100,60.5,33.025,prediction,synthetic_demo,not_provided
synthetic_overlap_temperature,synthetic_overlap_50_100,61.0,33.05,prediction,synthetic_demo,not_provided
synthetic_overlap_temperature,synthetic_overlap_50_100,61.5,33.075,prediction,synthetic_demo,not_provided
synthetic_overlap_temperature,synthetic_overlap_50_100,62.0,33.1,prediction,synthetic_demo,not_provided
synthetic_overlap_temperature,synthetic_overlap_50_100,62.5,33.125,prediction,synthetic_demo,not_provided
synthetic_overlap_temperature,synthetic_overlap_50_100,63.0,33.15,prediction,synthetic_demo,not_provided
synthetic_overlap_temperature,synthetic_overlap_50_100,63.5,33.175,prediction,synthetic_demo,not_provided
synthetic_overlap_temperature,synthetic_overlap_50_100,64.0,33.2,prediction,synthetic_demo,not_provided
synthetic_overlap_temperature,synthetic_overlap_50_100,64.5,33.225,prediction,synthetic_demo,not_provided
synthetic_overlap_temperature,synthetic_overlap_50_100,65.0,33.25,prediction,synthetic_demo,not_provided
synthetic_overlap_temperature,synthetic_overlap_50_100,65.5,33.275,prediction,synthetic_demo,not_provided
synthetic_overlap_temperature,synthetic_overlap_50_100,66.0,33.3,prediction,synthetic_demo,not_provided
synthetic_overlap_temperature,synthetic_overlap_50_100,66.5,33.325,prediction,synthetic_demo,not_provided
synthetic_overlap_temperature,synthetic_overlap_50_100,67.0,33.35,prediction,synthetic_demo,not_provided
synthetic_overlap_temperature,synthetic_overlap_50_100,67.5,33.375,prediction,synthetic_demo,not_provided
synthetic_overlap_temperature,synthetic_overlap_50_100,68.0,33.4,prediction,synthetic_demo,not_provided
synthetic_overlap_temperature,synthetic_overlap_50_100,68.5,33.425,prediction,synthetic_demo,not_provided
synthetic_overlap_temperature,synthetic_overlap_50_100,69.0,33.45,prediction,synthetic_demo,not_provided
synthetic_overlap_temperature,synthetic_overlap_50_100,69.5,33.475,prediction,synthetic_demo,not_provided
synthetic_overlap_temperature,synthetic_overlap_50_100,70.0,33.5,prediction,synthetic_demo,not_provided
synthetic_overlap_temperature,synthetic_overlap_50_100,70.5,33.525,prediction,synthetic_demo,not_provided
synthetic_overlap_temperature,synthetic_overlap_50_100,71.0,33.55,prediction,synthetic_demo,not_provided
synthetic_overlap_temperature,synthetic_overlap_50_100,71.5,33.575,prediction,synthetic_demo,not_provided
synthetic_overlap_temperature,synthetic_overlap_50_100,72.0,33.6,prediction,synthetic_demo,not_provided
synthetic_overlap_temperature,synthetic_overlap_50_100,72.5,33.625,prediction,synthetic_demo,not_provided
synthetic_overlap_temperature,synthetic_overlap_50_100,73.0,33.65,prediction,synthetic_demo,not_provided
synthetic_overlap_temperature,synthetic_overlap_50_100,73.5,33.675,prediction,synthetic_demo,not_provided
synthetic_overlap_temperature,synthetic_overlap_50_100,74.0,33.7,prediction,synthetic_demo,not_provided
synthetic_overlap_temperature,synthetic_overlap_50_100,74.5,33.725,prediction,synthetic_demo,not_provided
synthetic_overlap_temperature,synthetic_overlap_50_100,75.0,33.75,prediction,synthetic_demo,not_provided
synthetic_overlap_temperature,synthetic_overlap_50_100,75.5,33.775,prediction,synthetic_demo,not_provided
synthetic_overlap_temperature,synthetic_overlap_50_100,76.0,33.8,prediction,synthetic_demo,not_provided
synthetic_overlap_temperature,synthetic_overlap_50_100,76.5,33.825,prediction,synthetic_demo,not_provided
synthetic_overlap_temperature,synthetic_overlap_50_100,77.0,33.85,prediction,synthetic_demo,not_provided
synthetic_overlap_temperature,synthetic_overlap_50_100,77.5,33.875,prediction,synthetic_demo,not_provided
synthetic_overlap_temperature,synthetic_overlap_50_100,78.0,33.9,prediction,synthetic_demo,not_provided
synthetic_overlap_temperature,synthetic_overlap_50_100,78.5,33.925,prediction,synthetic_demo,not_provided
synthetic_overlap_temperature,synthetic_overlap_50_100,79.0,33.95,prediction,synthetic_demo,not_provided
synthetic_overlap_temperature,synthetic_overlap_50_100,79.5,33.975,prediction,synthetic_demo,not_provided
synthetic_overlap_temperature,synthetic_overlap_50_100,80.0,34.0,prediction,synthetic_demo,not_provided
synthetic_overlap_temperature,synthetic_overlap_50_100,80.5,34.025,prediction,synthetic_demo,not_provided
synthetic_overlap_temperature,synthetic_overlap_50_100,81.0,34.05,prediction,synthetic_demo,not_provided
synthetic_overlap_temperature,synthetic_overlap_50_100,81.5,34.075,prediction,synthetic_demo,not_provided
synthetic_overlap_temperature,synthetic_overlap_50_100,82.0,34.1,prediction,synthetic_demo,not_provided
synthetic_overlap_temperature,synthetic_overlap_50_100,82.5,34.125,prediction,synthetic_demo,not_provided
synthetic_overlap_temperature,synthetic_overlap_50_100,83.0,34.15,prediction,synthetic_demo,not_provided
synthetic_overlap_temperature,synthetic_overlap_50_100,83.5,34.175,prediction,synthetic_demo,not_provided
synthetic_overlap_temperature,synthetic_overlap_50_100,84.0,34.2,prediction,synthetic_demo,not_provided
synthetic_overlap_temperature,synthetic_overlap_50_100,84.5,34.225,prediction,synthetic_demo,not_provided
synthetic_overlap_temperature,synthetic_overlap_50_100,85.0,34.25,prediction,synthetic_demo,not_provided
synthetic_overlap_temperature,synthetic_overlap_50_100,85.5,34.275,prediction,synthetic_demo,not_provided
synthetic_overlap_temperature,synthetic_overlap_50_100,86.0,34.3,prediction,synthetic_demo,not_provided
synthetic_overlap_temperature,synthetic_overlap_50_100,86.5,34.325,prediction,synthetic_demo,not_provided
synthetic_overlap_temperature,synthetic_overlap_50_100,87.0,34.35,prediction,synthetic_demo,not_provided
synthetic_overlap_temperature,synthetic_overlap_50_100,87.5,34.375,prediction,synthetic_demo,not_provided
synthetic_overlap_temperature,synthetic_overlap_50_100,88.0,34.4,prediction,synthetic_demo,not_provided
synthetic_overlap_temperature,synthetic_overlap_50_100,88.5,34.425,prediction,synthetic_demo,not_provided
synthetic_overlap_temperature,synthetic_overlap_50_100,89.0,34.45,prediction,synthetic_demo,not_provided
synthetic_overlap_temperature,synthetic_overlap_50_100,89.5,34.475,prediction,synthetic_demo,not_provided
synthetic_overlap_temperature,synthetic_overlap_50_100,90.0,34.5,prediction,synthetic_demo,not_provided
synthetic_overlap_temperature,synthetic_overlap_50_100,90.5,34.525,prediction,synthetic_demo,not_provided
synthetic_overlap_temperature,synthetic_overlap_50_100,91.0,34.55,prediction,synthetic_demo,not_provided
synthetic_overlap_temperature,synthetic_overlap_50_100,91.5,34.575,prediction,synthetic_demo,not_provided
synthetic_overlap_temperature,synthetic_overlap_50_100,92.0,34.6,prediction,synthetic_demo,not_provided
synthetic_overlap_temperature,synthetic_overlap_50_100,92.5,34.625,prediction,synthetic_demo,not_provided
synthetic_overlap_temperature,synthetic_overlap_50_100,93.0,34.65,prediction,synthetic_demo,not_provided
synthetic_overlap_temperature,synthetic_overlap_50_100,93.5,34.675,prediction,synthetic_demo,not_provided
synthetic_overlap_temperature,synthetic_overlap_50_100,94.0,34.7,prediction,synthetic_demo,not_provided
synthetic_overlap_temperature,synthetic_overlap_50_100,94.5,34.725,prediction,synthetic_demo,not_provided
synthetic_overlap_temperature,synthetic_overlap_50_100,95.0,34.75,prediction,synthetic_demo,not_provided
synthetic_overlap_temperature,synthetic_overlap_50_100,95.5,34.775,prediction,synthetic_demo,not_provided
synthetic_overlap_temperature,synthetic_overlap_50_100,96.0,34.8,prediction,synthetic_demo,not_provided
synthetic_overlap_temperature,synthetic_overlap_50_100,96.5,34.825,prediction,synthetic_demo,not_provided
synthetic_overlap_temperature,synthetic_overlap_50_100,97.0,34.85,prediction,synthetic_demo,not_provided
synthetic_overlap_temperature,synthetic_overlap_50_100,97.5,34.875,prediction,synthetic_demo,not_provided
synthetic_overlap_temperature,synthetic_overlap_50_100,98.0,34.9,prediction,synthetic_demo,not_provided
synthetic_overlap_temperature,synthetic_overlap_50_100,98.5,34.925,prediction,synthetic_demo,not_provided
synthetic_overlap_temperature,synthetic_overlap_50_100,99.0,34.95,prediction,synthetic_demo,not_provided
synthetic_overlap_temperature,synthetic_overlap_50_100,99.5,34.975,prediction,synthetic_demo,not_provided
synthetic_overlap_temperature,synthetic_overlap_50_100,100,35.0,prediction,synthetic_demo,not_provided
